<resources xmlns:tools="http://schemas.android.com/tools">
    <!-- Base application theme. -->
    <style name="Theme.LearnGuru" parent="Theme.MaterialComponents.DayNight.NoActionBar">
        <!-- Primary brand color. -->
        <item name="colorPrimary">@color/white</item>
        <item name="colorPrimaryVariant">@color/purple_700</item>
        <item name="colorOnPrimary">@color/white</item>
        <!-- Secondary brand color. -->
        <item name="colorSecondary">@color/teal_200</item>
        <item name="colorSecondaryVariant">@color/teal_700</item>
        <item name="colorOnSecondary">@color/black</item>
        <!-- Status bar color. -->
        <item name="android:statusBarColor" tools:targetApi="l">?attr/colorPrimary</item>
        <!-- Customize your theme here. -->
    </style>

    <!-- SplashScreen -->
    <style name="SplashScreen" parent="Theme.MaterialComponents.DayNight.NoActionBar">
        <item name="android:windowBackground">@drawable/background_splashscren</item>
        <item name="android:statusBarColor" tools:targetApi="l">?attr/colorOnPrimary</item>
    </style>

</resources>